source_dataset,key_type,source_column(s),target_dataset,target_column,is_optional,violation_count,violation_pct,status
swap_events,PRIMARY,event_id,N/A,N/A,False,0,0.0,PASS
station_hourly_status,PRIMARY,station_id+hour_start,N/A,N/A,False,0,0.0,PASS
riders,PRIMARY,rider_id,N/A,N/A,False,0,0.0,PASS
batteries,PRIMARY,battery_id,N/A,N/A,False,0,0.0,PASS
support_tickets,PRIMARY,ticket_id,N/A,N/A,False,0,0.0,PASS
stations,PRIMARY,station_id,N/A,N/A,False,0,0.0,PASS
city_daily_context,PRIMARY,city+date,N/A,N/A,False,0,0.0,PASS
fleet_partners,PRIMARY,partner_id,N/A,N/A,False,0,0.0,PASS
swap_events,FOREIGN,rider_id,riders,rider_id,False,0,0.0,PASS
swap_events,FOREIGN,station_id,stations,station_id,False,0,0.0,PASS
swap_events,FOREIGN,battery_in_id,batteries,battery_id,True,0,0.0,PASS
swap_events,FOREIGN,battery_out_id,batteries,battery_id,True,0,0.0,PASS
riders,FOREIGN,partner_id,fleet_partners,partner_id,True,0,0.0,PASS
station_hourly_status,FOREIGN,station_id,stations,station_id,False,0,0.0,PASS
support_tickets,FOREIGN,rider_id,riders,rider_id,False,0,0.0,PASS
support_tickets,FOREIGN,station_id,stations,station_id,True,0,0.0,PASS
support_tickets,FOREIGN,battery_id,batteries,battery_id,True,0,0.0,PASS
